subject,run,task,url,hash
EP10,1,DOTS,https://osf.io/download/u2hct,md5:3e05afdf9c873ac34cb2ffc1141256a3
EP10,2,DOTS,https://osf.io/download/28cvb,md5:1bebd24bc8a8eeb4165c44122d1aff8d
EP10,3,DOTS,https://osf.io/download/g3cn4,md5:c261df6e43da9122577f580f7df85022
EP10,4,DOTS,https://osf.io/download/dy96c,md5:fdddde6fd1b52bc8f6d23c5c1c74687e
EP10,5,DOTS,https://osf.io/download/y5sme,md5:1157814a462e4fee47d59782d65261ed
EP10,6,DOTS,https://osf.io/download/ktvmp,md5:7bad553a41dcf69b7adca63809a6263d
EP12,1,DOTS,https://osf.io/download/9ftm4,md5:39c9ef4d6fc95f6e3b6fd85243b01d18
EP12,2,DOTS,https://osf.io/download/28euv,md5:012bc78b849b01c464389292bd242535
EP12,3,DOTS,https://osf.io/download/a96qp,md5:0565c68248b8aa8cf5f365bb18bd0732
EP12,4,DOTS,https://osf.io/download/7pk6e,md5:114097073449bb4163feff424f62aaf1
EP12,5,DOTS,https://osf.io/download/ef52s,md5:92a6781bf181e2c70345bc7a6aae5a1a
EP12,6,DOTS,https://osf.io/download/rhzwk,md5:d314b61d48bfcb392d8e1c7d47639e52
EP14,2,DOTS,https://osf.io/download/wb4yq,md5:e71bdda1ceae67235e84f146b7c145a3
EP14,3,DOTS,https://osf.io/download/fqwzk,md5:0db420dc3528a8864a63a022a8515017
EP14,4,DOTS,https://osf.io/download/xedk6,md5:e1680283ee3d2ebd39587088bc4d52e9
EP14,5,DOTS,https://osf.io/download/jx9bf,md5:e9bd5ec4bd9a48c0e882169cd00552f8
EP14,6,DOTS,https://osf.io/download/84znd,md5:3a6b67f20a6b1d8b6a8ea54b5de78657
EP18,1,DOTS,https://osf.io/download/b3skm,md5:4898b1ccc7bbded8c2d958a019d008b3
EP18,2,DOTS,https://osf.io/download/fpyd6,md5:910fef853e4c06e19b4ea3e4d08afb56
EP18,3,DOTS,https://osf.io/download/8rmqz,md5:f514a43481afd5ddf73edc1fcc2578cc
EP18,4,DOTS,https://osf.io/download/tpr6u,md5:9f1e44cffee45a1b444ab79d046d2208
EP18,5,DOTS,https://osf.io/download/8s5ng,md5:53c99d608ff38dc2db1505ef9c4ce9fd
EP18,6,DOTS,https://osf.io/download/bscqz,md5:422cb0d51e3dc970abe62ce79c55f193
EP23,1,DOTS,https://osf.io/download/8qhja,md5:69b8c1ad800a64b96a234a1570be3920
EP23,2,DOTS,https://osf.io/download/pqbf5,md5:3ec8b4af142e384a354fba0a19c99155
EP23,3,DOTS,https://osf.io/download/wb6r8,md5:164ab01c9e049e26dc3ee18a53ccc37d
EP23,4,DOTS,https://osf.io/download/mhcx5,md5:955c00e622bceee53785736b811154c7
EP23,5,DOTS,https://osf.io/download/k8vxu,md5:b782743c75b1c787f5c23cee8051b611
EP23,6,DOTS,https://osf.io/download/a8bv3,md5:32bc655e75a0cb830b69e2cdb9082ce6
EP24,1,DOTS,https://osf.io/download/bk4xy,md5:c725d2bd7ddc5ecc6f50b9b3c72e255e
EP24,2,DOTS,https://osf.io/download/qm9db,md5:10c2f75826e70fee72ca8ab039a8ade3
EP24,3,DOTS,https://osf.io/download/cbmdz,md5:21b46ae5960c2ed6b94d503483773523
EP24,4,DOTS,https://osf.io/download/d9wuc,md5:3c2f327f4225dc8bed79c21a58bab7d5
EP24,5,DOTS,https://osf.io/download/qjaf6,md5:13a6873c8242573c885670f865a215f7
EP24,6,DOTS,https://osf.io/download/hwp47,md5:7f37ce8f740cc58011e3790efbeb5d52
EP26,1,DOTS,https://osf.io/download/6mhyx,md5:a5c35305ca0d80b568ff0811ee4fd0da
EP26,2,DOTS,https://osf.io/download/my2e5,md5:c298599cb9b21af7e0110a603aa40cc6
EP26,3,DOTS,https://osf.io/download/mt6db,md5:4ce12918693498322106fe68d81413d0
EP26,4,DOTS,https://osf.io/download/9mjcr,md5:8f88adac2f4bd42729cd9152350be798
EP26,5,DOTS,https://osf.io/download/2kh8e,md5:172a8da7dc76112a14e835ddb26d68a8
EP26,6,DOTS,https://osf.io/download/8ajyk,md5:81138616059826b05085e9e1ed6c8996
EP28,1,DOTS,https://osf.io/download/72nsb,md5:ce4b98093cf56db3096a080aa117d0cb
EP28,2,DOTS,https://osf.io/download/urwt7,md5:ad20689b555bab330842bbdda73bbaa5
EP28,3,DOTS,https://osf.io/download/ztqgr,md5:8176300c98a8798f787ce69bad76e0a7
EP28,4,DOTS,https://osf.io/download/djw3p,md5:a4a15754678d08768ed1c52d17e08a80
EP28,5,DOTS,https://osf.io/download/dxq8j,md5:b89da3e5a5370db0b78aafdb996b43b9
EP28,6,DOTS,https://osf.io/download/57qkn,md5:260dd0c87ce3a0f5eb7fb53beabdbc60
EP29,1,DOTS,https://osf.io/download/c8kxa,md5:d5f38e30b663eff9ec13c527cb35e27e
EP29,2,DOTS,https://osf.io/download/cqebr,md5:f1fb8e8b53e69cfdaaf2d66ae5424338
EP29,3,DOTS,https://osf.io/download/3e5k4,md5:8e144c46a461b654e3851b2295df3194
EP29,4,DOTS,https://osf.io/download/ps4j7,md5:032925a15aa5d55b5f8e240c4a54f842
EP29,5,DOTS,https://osf.io/download/aeb35/,md5:18bb7513a4888c33c14b12b5d33d19b1
EP29,6,DOTS,https://osf.io/download/e8xz5/,md5:a648d7131d7a127a06c5944fc7343161
EP35,1,DOTS,https://osf.io/download/bek4z,md5:9cd6a0e636c67189bdeb90e5aa72001a
EP35,2,DOTS,https://osf.io/download/yr6c3,md5:b88bf71939113d8eedf1317e8804559a
EP35,3,DOTS,https://osf.io/download/xqmus,md5:317f5217637ce450fd1324742f369328
EP35,4,DOTS,https://osf.io/download/r7cf9/,md5:267419c7929052d9c6ce2aa4a8439258
EP35,5,DOTS,https://osf.io/download/z6jp3,md5:832d1c2f3f3e895084052e2f9f6c2810
EP35,6,DOTS,https://osf.io/download/72vgs,md5:763773fe1106d85ca9edc90e81ecc8cc
EP37,1,DOTS,https://osf.io/download/xm8ne,md5:9253c4d210f522bb6399c885427922aa
EP37,2,DOTS,https://osf.io/download/v4acf,md5:2cbc631b48d124f2102e6b69492b7076
EP37,3,DOTS,https://osf.io/download/ybuq5,md5:2bc4b19619abf3223617aa2e630f3d55
EP37,4,DOTS,https://osf.io/download/p93vy,md5:51ac42e001196f4385d4199770071579
EP37,5,DOTS,https://osf.io/download/6r3fw,md5:0afa88c59a2ea03c2ddd82c08f0a6fd9
EP37,6,DOTS,https://osf.io/download/jfvcy,md5:c5dbfd2a4e8cf0b6ee01a50bb69fa6ce
EP39,1,DOTS,https://osf.io/download/v97f5,md5:3e1450b5bdc1acffbc4c7ebc0271d4b2
EP39,2,DOTS,https://osf.io/download/bvmq3,md5:f027b131628e0e475c7131d86d9d75d8
EP39,3,DOTS,https://osf.io/download/ahucz,md5:3170ab4b53bc983041b49d9e6267b106
EP39,4,DOTS,https://osf.io/download/9dzth,md5:c1e7d99a29e13e5508fad799fa7cfe1e
EP39,5,DOTS,https://osf.io/download/qwhcu,md5:5e60bc4a3fe76b9a2abae7225822c2ea
EP39,6,DOTS,https://osf.io/download/n5g34,md5:dd99d2d86fd636a0cf20605258d6c2b0
EP41,1,DOTS,https://osf.io/download/gxjkd,md5:2666332645f0596003f2fe6f42165f27
EP41,2,DOTS,https://osf.io/download/qdb56,md5:8d8999efa0075b63fd9856a3d1dbc3c0
EP41,4,DOTS,https://osf.io/download/t2mx5,md5:dd8f256b8baa810adffa2603c8f39fed
EP41,5,DOTS,https://osf.io/download/wpcz9,md5:61b9867bc03325af6b5566edba223657
EP41,6,DOTS,https://osf.io/download/b3726,md5:e786d137e9e72ea3079223708a1a86cc
EP46,1,DOTS,https://osf.io/download/q69b8,md5:c672d91beebbc12a322fb1073fb15d96
EP46,2,DOTS,https://osf.io/download/z7enq,md5:d0d73c294002b8e9186f4a92cb3a8393
EP46,3,DOTS,https://osf.io/download/qav2k,md5:a3f294849dfa7b0f2f409e10e4475706
EP46,4,DOTS,https://osf.io/download/upbn4,md5:aa62d7bd0ddb6f38b69878dd4b23a07f
EP46,5,DOTS,https://osf.io/download/j27du,md5:6412d29846ff5b5a50af132ef98bbedd
EP46,6,DOTS,https://osf.io/download/a6hwd,md5:9ca89ef40384f3bbcb483113131aed0c
EP49,1,DOTS,https://osf.io/download/gnyeq,md5:fc3fff47ecf894509437bb3b439abb1f
EP49,2,DOTS,https://osf.io/download/23vyh,md5:fbd7179d8746262e3b9c6ba6af740ee2
EP49,3,DOTS,https://osf.io/download/rftq8,md5:a1e8f572f6f86fd2c441e7a83901a331
EP49,4,DOTS,https://osf.io/download/hg25k,md5:48dde5cbe59ebda4d545b5ac1d051cfd
EP49,5,DOTS,https://osf.io/download/sy3at,md5:f67f33f07b0de6c840e1792c1daec366
EP49,6,DOTS,https://osf.io/download/kdus8,md5:2d99b33f489ad3449ea6449336cac445
EP54,1,DOTS,https://osf.io/download/kg6my,md5:c2d109bef7e6fa28a9985fb2b57f01c7
EP54,2,DOTS,https://osf.io/download/vkyc5,md5:c7a190b7402b97f3ed51f357616e2f58
EP54,3,DOTS,https://osf.io/download/fng3q,md5:1095f65df2a84e6163c9cff1ec85068a
EP54,4,DOTS,https://osf.io/download/mkuqj,md5:ea8ee52d4daeaf41122c13b6731f286a
EP54,5,DOTS,https://osf.io/download/vdjb6/,md5:3b5d7a3f8766a16f4f074a683e87b206
EP54,6,DOTS,https://osf.io/download/q4gc9/,md5:cce38944e39148c09002c13da92927db
EP56,1,DOTS,https://osf.io/download/pm23e,md5:3265fed0f5c87588f804fa05b2589fc1
EP56,2,DOTS,https://osf.io/download/gt3uv,md5:6ffc887aa187c46b53535d2e7a159305
EP56,3,DOTS,https://osf.io/download/g9h4n,md5:8f7333faa592ca7ec2d811e98c5b0d6f
EP56,4,DOTS,https://osf.io/download/mgxcf,md5:b154da203cd7a3cecc9ae8923a37440d
EP56,5,DOTS,https://osf.io/download/k5vtw,md5:98f1ec4b8fdb97f482faac9e6c4a2591
EP56,6,DOTS,https://osf.io/download/wbhn9,md5:5347b49ac0c9be51e5997c524a4b756d
EP57,1,DOTS,https://osf.io/download/shxpr,md5:6690a87f35dfd41d43a2c412b6f28911
EP57,2,DOTS,https://osf.io/download/f3ukz,md5:7bdff6d202b9b5848d448d691aa57170
EP57,3,DOTS,https://osf.io/download/epvg4,md5:26df35821267f32974867b19c593611a
EP57,4,DOTS,https://osf.io/download/kjyf9,md5:44cce5265080111f890dc4c2578418c8
EP57,5,DOTS,https://osf.io/download/pn83e,md5:b93e8e4cd216826a9cd413f270851f12
EP57,6,DOTS,https://osf.io/download/zwgm6,md5:a074d8cd6cdad6d9948948d2eda896fb
EP58,1,DOTS,https://osf.io/download/u47yf,md5:37be627580cee8dde8ed4493ea77826e
EP58,2,DOTS,https://osf.io/download/bj276,md5:f9d222b7734e0998eec30ea7a208c163
EP58,3,DOTS,https://osf.io/download/qb9wn,md5:42ab4781c715ba5b4fe70fe8c85e2b63
EP58,4,DOTS,https://osf.io/download/eyqpf,md5:687240becc17ce7a4cf82e9112b2fa3d
EP58,5,DOTS,https://osf.io/download/dz7t2,md5:2d7269e4927f6086ee94e701b9cfc0ea
EP58,6,DOTS,https://osf.io/download/wzs3j,md5:3672e565b0774f43f3c3df63849e9ca6
EP59,1,DOTS,https://osf.io/download/68vaf,md5:f49309319d0afdb5549be3e4052f025a
EP59,2,DOTS,https://osf.io/download/vdcuy,md5:70aecddbc38dd567ab898f093bbe4f0a
EP59,3,DOTS,https://osf.io/download/s8wug,md5:0c78298acd00be059b66daa029b58d3c
EP59,4,DOTS,https://osf.io/download/dpn9h,md5:7eac810198a21db04a8bb780a745e057
EP59,5,DOTS,https://osf.io/download/q6dkn,md5:e34035e522d293293fd6f1757e16eaa9
EP59,6,DOTS,https://osf.io/download/pvj8w,md5:2b4adeeca0d954ef424dc5275b2e3692
EP61,1,DOTS,https://osf.io/download/j9ew5,md5:09ed18319ddb6a0647b3bffd5f903ea7
EP61,2,DOTS,https://osf.io/download/j67vy,md5:9a8a5f69c369c7311394637a476edf2a
EP61,3,DOTS,https://osf.io/download/bs7wx,md5:979a0c2c22f997933e549748b49b98f6
EP61,4,DOTS,https://osf.io/download/yhu5r,md5:764080aeca11413deb46d85e09d9705a
EP61,5,DOTS,https://osf.io/download/bztx2,md5:3930442d82767ba006a8bf49c2dd5cba
EP61,6,DOTS,https://osf.io/download/g7pme,md5:6394f2e9e599a39910ef5f27b9f398ce
EP65,1,DOTS,https://osf.io/download/yf7jk,md5:2a867068da7bcf1dec403ed90abe59bf
EP65,2,DOTS,https://osf.io/download/w9htx,md5:f055574c4b8701b81320ac35886dc3f6
EP65,3,DOTS,https://osf.io/download/wevjm,md5:1a2520c1814a3b4d566316dc5e60ef12
EP65,4,DOTS,https://osf.io/download/gwrc2,md5:b2038200e8f31f4972fdc168735f42e7
EP65,5,DOTS,https://osf.io/download/xhqut,md5:29c9ff1936ae21bde4d7836a88d54558
EP65,6,DOTS,https://osf.io/download/kamfz,md5:921ed74678d975c1138a09eb5df5a235
EP72,1,DOTS,https://osf.io/download/68ex2,md5:5d96a03ddf66ee0e66882ca46a70afcc
EP72,2,DOTS,https://osf.io/download/rhbdj,md5:02963ee0569eb08bfd3ed6f6350c57a3
EP72,3,DOTS,https://osf.io/download/x74ne,md5:78820d627f61778a0a2a9a74b448016b
EP72,4,DOTS,https://osf.io/download/kcdqe,md5:6844232aae7ddcbcbfd400b2d4497916
EP72,5,DOTS,https://osf.io/download/84y9x,md5:5d6690995f6961bf9d026c2a88229a83
EP72,6,DOTS,https://osf.io/download/peu4w,md5:4e1766dd29e41f34b5be0d1a41a93406
EP74,1,DOTS,https://osf.io/download/jx7ya,md5:9b94ee55a396ea02ea3ab84a12b82a07
EP74,2,DOTS,https://osf.io/download/4e5k3/,md5:60499600365c72bd8ad0b80317d2ee33
EP74,3,DOTS,https://osf.io/download/zv3xa,md5:26443c8508d97bca7565836d556fc539
EP74,4,DOTS,https://osf.io/download/7d35h,md5:c370ae8de2daf5526dd023c79fbf3de6
EP74,5,DOTS,https://osf.io/download/uysaf,md5:4bdc11d04e540fa5f13451bb54091aa7
EP74,6,DOTS,https://osf.io/download/9vdcm,md5:ec45b48c9c8c0ba73bd384481b883897
EP82,1,DOTS,https://osf.io/download/3xjey,md5:94072fba2f262a26be9370ac061ca4a7
EP82,2,DOTS,https://osf.io/download/pekds,md5:a5444b9c445cd7e8674375944ef1d807
EP82,3,DOTS,https://osf.io/download/aeh2j,md5:ff30d3bcbfdaa6735270f07e0883d340
EP82,4,DOTS,https://osf.io/download/jp4b9,md5:5c4950860a24a1728dc0e8a785316fc6
EP82,5,DOTS,https://osf.io/download/9gxnd,md5:c351a7d0268a60b7d3f36d0ef5510c58
EP82,6,DOTS,https://osf.io/download/vk48b,md5:9c58cc445b78736b823dbe923ee587ed
EP86,1,DOTS,https://osf.io/download/n87dc,md5:61c5a8c791e0bb9fbbada1c4bc7857e0
EP86,2,DOTS,https://osf.io/download/awqrt,md5:847aa52d1a877ac5bd8367b1358dae3e
EP86,3,DOTS,https://osf.io/download/hpk3v,md5:b327e37ef934f100609fae4f73f323e5
EP86,4,DOTS,https://osf.io/download/87s3z,md5:521faf3c51ab6d6a042a69bdc5a186dd
EP86,5,DOTS,https://osf.io/download/cmjny,md5:379dc6df4c4999e4a8be23ef16ea27fc
EP86,6,DOTS,https://osf.io/download/d2chq,md5:99fe9b77bca7d6e64ed016e6c7446cf3
EP88,1,DOTS,https://osf.io/download/dfcez,md5:ee461712805c9dcf01a3d4a7c8c007fa
EP88,2,DOTS,https://osf.io/download/svw6h,md5:3799a06a029d73a1abde1980595ef0d1
EP88,3,DOTS,https://osf.io/download/zkym7,md5:861ea4df8bb381bfd21b3c0d9e55cc8e
EP88,4,DOTS,https://osf.io/download/hs5zb,md5:af7f34c6a1e73ec07d57f543c21350a0
EP88,5,DOTS,https://osf.io/download/z5wk7,md5:91b06dfbd4bce1c68444cfe492c46401
EP93,1,DOTS,https://osf.io/download/w2jrk,md5:0c71a0e5bd6400d9c9a3411467bdf086
EP93,2,DOTS,https://osf.io/download/y35th,md5:11b4872762973465ec45cbfa38c73f00
EP93,3,DOTS,https://osf.io/download/78xnt,md5:7f981c2ba02cab1ea927194e5658614f
EP93,4,DOTS,https://osf.io/download/b7gvp,md5:0e0bb830fb57875fa4ab0cc072f22d1c
EP93,5,DOTS,https://osf.io/download/ujg9s,md5:17ef887d3cc8fda536ec134b5fa58df7
EP93,6,DOTS,https://osf.io/download/6kjsw,md5:20aece5cc6c768a324121bd5e109b3aa
EP94,1,DOTS,https://osf.io/download/6a23r,md5:80ec80c9f0eae3ccd5903f8c124d0d60
EP94,2,DOTS,https://osf.io/download/475yt,md5:877f836e32e2e340108f853098d4a0ef
EP94,3,DOTS,https://osf.io/download/ws2cn,md5:e87acc1bf972d5ad381bc08dd8399994
EP94,4,DOTS,https://osf.io/download/8vqet,md5:8ee7e3354620a2135894cd514f54f776
EP94,5,DOTS,https://osf.io/download/xz8yb,md5:b5b7dedf18851b188256116699bae2d4
EP94,6,DOTS,https://osf.io/download/ne7xg,md5:1a7260712d53fc19ce799381c24b1e2f
EP97,1,DOTS,https://osf.io/download/m25es,md5:b02872913900107244d4d4bc15c2ac12
EP97,2,DOTS,https://osf.io/download/29zhd,md5:795fa1ba3329bdc60c763ac364d1cc02
EP97,3,DOTS,https://osf.io/download/29a57,md5:d2b280562e8bfec129c24fc87ee8893a
EP97,4,DOTS,https://osf.io/download/q2sxe,md5:62a9375b8263fb9813ab642c174a5730
EP97,5,DOTS,https://osf.io/download/w8vsh,md5:3206124a7f7c2d2b70f5e820e11afc78
EP97,6,DOTS,https://osf.io/download/ga4f7,md5:1cd0a0f0792eefd2459392f410e56042
AAO,1,DOTS,https://osf.io/download/2bntc,md5:e7cda9f80c8f66258e12347e01e2c841
AA0,1,AS,https://osf.io/download/2bntc,md5:e7cda9f80c8f66258e12347e01e2c841
AA1,1,AS,https://osf.io/download/a5u8m,md5:32c2187593125afc909dbf4d292a5eb7
AA4,1,AS,https://osf.io/download/tvdzn,md5:bc7791b6baf89327e00a7b23d36be167
AA5,1,AS,https://osf.io/download/87eyn,md5:a0cee375dc5cfe1656d3fc9d4f309d5a
AA7,1,AS,https://osf.io/download/nh83x,md5:4461759e3ae500eb9ccc854a3eb96d11
AA8,1,AS,https://osf.io/download/p9h4m,md5:59fcf55f1a6717f5aaf7beb60ab1c6e4
AA9,1,AS,https://osf.io/download/shcdr,md5:87dbd68bbe0541edc74ce8e2a4ceafda
AB0,1,AS,https://osf.io/download/mcjtx,md5:0dd663bf8b260670f541d5c8dabb6dcf
AB1,1,AS,https://osf.io/download/y2chn,md5:bb2220d01bdb8a1c103c45e1ceb4c3fe
AB2,1,AS,https://osf.io/download/xz4vq,md5:5621911efde515b5babe8710bc2aae0f
AB3,1,AS,https://osf.io/download/5b97f,md5:e668d5bc2d9ac404d365ca5701af5062
AB6,1,AS,https://osf.io/download/39c8w,md5:55cb3aa7854fece79d0b48d5f5fc6b58
AB7,1,AS,https://osf.io/download/mg7dx/,md5:aea9ea49ca2c18bb1d107273d2536147
AB9,1,AS,https://osf.io/download/6nfmb,md5:d9e6c52e58d7e4a41667b64c2b0c2a90
AC0,1,AS,https://osf.io/download/ne5x8,md5:6883dcf53215691a847ed93464df9e08
AC1,1,AS,https://osf.io/download/7tre5,md5:3882b3ba68c5d43c090a4560e8f28f79
AC2,1,AS,https://osf.io/download/7d42u,md5:96ef40ed2ebbd482eeb43cb3172d84c5
AC3,1,AS,https://osf.io/download/afut4/,md5:16900af6b566fb98892b54d3e9609de5
AC4,1,AS,https://osf.io/download/2abkm,md5:625467579d95921ba0d6cb881e0a4ddb
AC7,1,AS,https://osf.io/download/35rx8,md5:a1185f7d2c381b235f59f562dda9ffaa
AC8,1,AS,https://osf.io/download/xqgfr,md5:3358c06e52043bc1f37428a3d0f0357a
AD0,1,AS,https://osf.io/download/wd5x2,md5:aa08f8e8f6854e0c08e8d79feb01a8b4
AD1,1,AS,https://osf.io/download/fy5kh,md5:2a824ef0907f5f223adb5dd51dc42dda
AD3,1,AS,https://osf.io/download/fbs7r,md5:c8b31800411614767967fbaaa6b124c2
AD4,1,AS,https://osf.io/download/sj2bw,md5:c8a02dedc092ccc0cc7706d344a7631f
AD6,1,AS,https://osf.io/download/bcq3e/,md5:9c122cf368d12994c43595868e1aeba5
AD7,1,AS,https://osf.io/download/94n5s/,md5:2c42b444a8620bf79377410dc9c44ded
AD8,1,AS,https://osf.io/download/qmjae,md5:616f5f20fcf7660f941c5c7b300da027
AD9,1,AS,https://osf.io/download/r6skv,md5:bf9d6d1b3013290b5392e5ee33db7e3d
AE0,1,AS,https://osf.io/download/tp2d9,md5:31a8bc9ef7e98f471f979615008a5ccb
AE1,1,AS,https://osf.io/download/h7yvw,md5:e8e42d6850264640428455dfe7a7a3ad
AE2,1,AS,https://osf.io/download/9hne3,md5:c07b421558324edc40485414989ca6a9
AE3,1,AS,https://osf.io/download/c5nwf,md5:342310850404e80483be62c77c96b4c4
AE4,1,AS,https://osf.io/download/ejhky,md5:16f36c3ca7bd1c287f10ae8fab15abd2
AE5,1,AS,https://osf.io/download/yecm6,md5:08bb8fd17e93c53b90ff33a2f8b6734c
AE6,1,AS,https://osf.io/download/vsq27,md5:700ddf2c23104a120e99d9ca610b8e66
AE8,1,AS,https://osf.io/download/w2bup,md5:e89463fcdf07362b6e1214c017d9c2d1
AF0,1,AS,https://osf.io/download/tm9gr,md5:be4fdfa8c1a4b882b1d636cbf7612fe9
AF1,1,AS,https://osf.io/download/9gsya,md5:9599a42c0caab40d608a231faf04ae34
AF2,1,AS,https://osf.io/download/sk24v,md5:c24138f98160cb52d1ec5f5f28eb0bf9
AF3,1,AS,https://osf.io/download/4685z,md5:4fe06d1cca3d612b5efee4000599b1d0
AF4,1,AS,https://osf.io/download/am7ur,md5:cf55503b4cf65a3e5946d65de99e5dc0
AF5,1,AS,https://osf.io/download/25ebn,md5:567484b09425b22b987a637951f03d76
AF6,1,AS,https://osf.io/download/5z2ha,md5:98ff0de8516bd58a35d7f30faf5a0140
AF8,1,AS,https://osf.io/download/mkvbe/,md5:001914f25cd3541aba3b9b055f8639cc
AF9,1,AS,https://osf.io/download/8brnq,md5:5c7fdaee76e340ff2d08ce87ca99251d
AG0,1,AS,https://osf.io/download/uksyb,md5:508e24b09a93ccae9cd2db43bf69ef8c
AG1,1,AS,https://osf.io/download/s46fr,md5:911f6a7458cea3d4d91075d2c0559110
AG2,1,AS,https://osf.io/download/m7vxh,md5:1cb2af1c41414e0ad71d1b97d7f53d7d
AG4,1,AS,https://osf.io/download/b43ht,md5:b4e6f9720cf78334c39a17887691d061
AG6,1,AS,https://osf.io/download/rk7pa,md5:17c9a86283b0c391c1a796b3736f0a7a
AG8,1,AS,https://osf.io/download/tmje5,md5:989ea9588adf8ac47f8bd65445651706
AH1,1,AS,https://osf.io/download/g7pe8,md5:200d0b874e88cb02370671faef708f24
AH3,1,AS,https://osf.io/download/5jxhv,md5:c76c8fb009548aa1f27a188b99cfe6e2
AH5,1,AS,https://osf.io/download/kwvd9,md5:f8bbe70dfa603a346cabc56bec7c149a
AH8,1,AS,https://osf.io/download/3nwp2,md5:c0f99bd855cbc0ef26ae02d7b35f11ff
AI0,1,AS,https://osf.io/download/7rfhw,md5:c6803d467f9ee5ade93a4c7ff629d72e
AI1,1,AS,https://osf.io/download/w79y4,md5:8fda962132332ec7e91af9988f48349a
AI2,1,AS,https://osf.io/download/xa3qk,md5:1d49ff0ec18b21afecf35c36409b5a1d
AI3,1,AS,https://osf.io/download/6gwuh,md5:d3c446b0fecdeea91a6872bd08aac697
AI4,1,AS,https://osf.io/download/gqdfa,md5:7614515ca30142d6b518e33c73db26c0
AI5,1,AS,https://osf.io/download/ewf8r,md5:9ee6568e1392ea71313e64d68b2489f0
AI6,1,AS,https://osf.io/download/mbrxg,md5:741b6e0588052aacc34753c7a41469d1
AI7,1,AS,https://osf.io/download/tgzsx,md5:50511d4d1aa147f693042ac44c393b4b
AI8,1,AS,https://osf.io/download/6d2yn,md5:daf2a35b391b8711b7af3a477f409dce
AI9,1,AS,https://osf.io/download/hgc8y,md5:ee085984961c8b3048ee598455754748
AJ2,1,AS,https://osf.io/download/rtfyu,md5:098af5433da586cc82eec5a0e3e5bd10
AJ3,1,AS,https://osf.io/download/v6sut,md5:0558ebeb1ce13fba7f696e86b8d69fb7
AJ4,1,AS,https://osf.io/download/r2chn,md5:cb9ee7831fc1c6a648f16f47488bb771
AJ5,1,AS,https://osf.io/download/5gjke,md5:8032413878edf4924183f0fc88855625
AJ6,1,AS,https://osf.io/download/beq7m,md5:d5df578970dd5e82c02bb2ab0ce8818a
AK0,1,AS,https://osf.io/download/avwdx,md5:3a51bd099ccabe1d88a9918319179b4f
AK1,1,AS,https://osf.io/download/fs43a,md5:309364c0c34882dd8fef0287b828fa85
AK2,1,AS,https://osf.io/download/aswuf,md5:a352b790836c8e8a126aa315fd3c065d
AK3,1,AS,https://osf.io/download/b4gd7,md5:3ec66cfb71a63ef0cca094886c990e67
AK4,1,AS,https://osf.io/download/3jc4p,md5:414b4f0a89aab1a41f9345458b320aa8
AK5,1,AS,https://osf.io/download/cyhvf,md5:de64571dbddc1c4ce2bfc001d8554403
AK6,1,AS,https://osf.io/download/pzg5s,md5:178220b36840d9f2d8a52e776f98a4cc
AL0,1,AS,https://osf.io/download/anhgr,md5:c60171f6812cf20bec2c299f9d5cdd16
AL1,1,AS,https://osf.io/download/scrn8,md5:610856206701fbf1dab4b5404d921a10
AL4,1,AS,https://osf.io/download/2fnk6,md5:46ff63defa23caabbb37b64229f4ebbf
AL5,1,AS,https://osf.io/download/hcgz4,md5:f1116291e7771467a2c23cbf889d5afd
AL6,1,AS,https://osf.io/download/n7f35,md5:f250964fd0ede9422c4c07dcb8c1be6f
AL7,1,AS,https://osf.io/download/6ce7p,md5:1ca7388885a3c30de94c39623db9ddf4
AM2,1,AS,https://osf.io/download/by4hc,md5:eb9b7f21f900f9ccd925c463b68aa88f
AM3,1,AS,https://osf.io/download/qm6se,md5:e64c466d30686a5dd8e258ccb1d5367f
AM5,1,AS,https://osf.io/download/fam94,md5:3d8f8fe001c62518e41c68fc91704e75
AM7,1,AS,https://osf.io/download/2eku5,md5:ed73fd3ae1408f3ac2d78217606ef016
AM8,1,AS,https://osf.io/download/srbx2,md5:2ab8c01e5519a6b6c93621b0e12d380e
AN0,1,AS,https://osf.io/download/pqu6y,md5:b27bc8d27490620c2f5d2c03f9e88af0
AN1,1,AS,https://osf.io/download/nbt38,md5:09c2037955a6e1ed724b79de178e22b9
AN2,1,AS,https://osf.io/download/6t2s4,md5:8cce9bdd2431046c33e0f1046a4ee6c6
AN3,1,AS,https://osf.io/download/du576,md5:60f6f88f549740d3a3faefd5dbd48d13
AN4,1,AS,https://osf.io/download/3bfvk,md5:d696585685467f476fd32a461d3604db
AN5,1,AS,https://osf.io/download/zvjd3,md5:e6499c07d3d87fe9d3d5842ac062ae7e
AN6,1,AS,https://osf.io/download/fpcqn,md5:a66d4e3bd11fce27598faf80943c8e5a
AN7,1,AS,https://osf.io/download/yug69,md5:d7c2d3017392ae605015e3284899a884
AN8,1,AS,https://osf.io/download/7typm,md5:08e63cc2676f39821077fbaac8cbf674
AN9,1,AS,https://osf.io/download/cjfpa,md5:c4409928446e445e1a88582bd9c9b02a
AP0,1,AS,https://osf.io/download/u6jmn,md5:14e82c774c6b668f90992724cd213156
AP1,1,AS,https://osf.io/download/78e69,md5:6c338d118099aac4035cb046bd08dbeb
AP3,1,AS,https://osf.io/download/qtyfr,md5:fe1efb9f6fbfa9442266694fe8592734
AP4,1,AS,https://osf.io/download/emc94,md5:9fea96c5af2d94f547d55dccdb1b6275
AP5,1,AS,https://osf.io/download/2f8mq,md5:1e1b27d606f288946d79f918bdb37fac
AP8,1,AS,https://osf.io/download/tsx6d/,md5:20f129dab76335b6a9a7975a3ed90af0
AP9,1,AS,https://osf.io/download/dx36h,md5:846910c10a63340d124610b8a2bf0793
AQ3,1,AS,https://osf.io/download/pz4rt,md5:f4ab214626606f75c40de62a561dfa91
AQ4,1,AS,https://osf.io/download/pys3f/,md5:c0cdb171b6d806279f90cc10a6f853b3
AQ6,1,AS,https://osf.io/download/dmbce,md5:f78b3615bd86096f30293d45e3e0f980
AQ8,1,AS,https://osf.io/download/wp42t,md5:1d1ec1b89551cc559dbe4852cd447b89
AR0,1,AS,https://osf.io/download/nr64p,md5:29dd74da74865d63a09ea3f8137922b5
AR1,1,AS,https://osf.io/download/f76p9,md5:6f8a6412f486d7745be706d91dc890f6
AR2,1,AS,https://osf.io/download/72za5,md5:ca93607fbd528a897f985f5fa19f4b33
AR3,1,AS,https://osf.io/download/bda8n,md5:7a3ea5308415fd3d6e85d5400dc38c42
AR8,1,AS,https://osf.io/download/kp3z9,md5:299fc68fbf371b8b60c325609256b75b
AR9,1,AS,https://osf.io/download/pe7x2,md5:8be32708b88a9f83b0b0d982e6165b8f
AS1,1,AS,https://osf.io/download/f9yaj,md5:311f4b704f571f4d2b239a88b537220c
AS2,1,AS,https://osf.io/download/7tqbk,md5:852f32184b4229088f15a7b2b533f105
AS4,1,AS,https://osf.io/download/djn9e,md5:85adb23d10ebca6be34ce39461ba2bb9
AS6,1,AS,https://osf.io/download/we2vp,md5:b39dbe8bd43f996442df1dc74163988f
AS7,1,AS,https://osf.io/download/jkz98,md5:2dcad33b62f824f34641ac94c3676bf1
AS9,1,AS,https://osf.io/download/eu2d7,md5:02f2aa87e1ad0c59d156836676767fa5
AT0,1,AS,https://osf.io/download/c83k5,md5:97549443b28d06a73b7b146ef09289c5
AT6,1,AS,https://osf.io/download/53gzt,md5:d3bc476a8e11500703f3b2ea83198cfb
AT7,1,AS,https://osf.io/download/4sh5e,md5:f75e1a1ca28afa2c9832943ba5789ec4
AT8,1,AS,https://osf.io/download/4x9m2,md5:4abd610acef9908445a208bdaa03b764
AU1,1,AS,https://osf.io/download/3d46t,md5:a5253ffe1c868980284ad4a57b5ccf3d
AU2,1,AS,https://osf.io/download/af35y,md5:1f64b8aa75654619170ea5fd41dcfd3f
AU3,1,AS,https://osf.io/download/2u4ey,md5:a0b42d81d2cf28d20f9a646b3042e03f
AU6,1,AS,https://osf.io/download/v4wk2,md5:afb2348ed3ea1af192ac48419d846645
AU8,1,AS,https://osf.io/download/rs3ac,md5:dedc6644cb1164306259793432e9a645
AU9,1,AS,https://osf.io/download/5zvkw,md5:c7a0db12465d4fb6829c232f26f64868
AV0,1,AS,https://osf.io/download/2687q,md5:27c0510fb4b6aee6e2af67de2e22deb7
AV1,1,AS,https://osf.io/download/2pyqu,md5:23c69aeb54692d0878329914a473549b
AV2,1,AS,https://osf.io/download/86cbq,md5:0e3b112fe9f6acd8f3639fd7561890a7
AV3,1,AS,https://osf.io/download/9kteg,md5:726327aa85857a2f8fc69b4434f4fbdc
AV4,1,AS,https://osf.io/download/aym28,md5:163081b3b88cca4463e25a9882b6e192
AV5,1,AS,https://osf.io/download/c8vzy,md5:b6cea955fa379cdd96036cca0f07d035
AV9,1,AS,https://osf.io/download/rgjeb,md5:aee5642ee39f2cfcacb834f98a76ac23
AW0,1,AS,https://osf.io/download/usb3q,md5:3289cdfd6957f715d1213af60e568c9d
AW2,1,AS,https://osf.io/download/ja846,md5:0176a2940dcedb1d607e303b8384eb2e
AW3,1,AS,https://osf.io/download/w4j7v,md5:a86fcdcf8246ba33e076d8905001afa8
AW4,1,AS,https://osf.io/download/9rchg,md5:0d110629c3d560886c43c11c02825012
AW6,1,AS,https://osf.io/download/udt2q,md5:27399e240348c626fbf9442c4a350434
AW7,1,AS,https://osf.io/download/u7kmc,md5:3c8731b330c1f852e36f8b90a0f04a5e
AW8,1,AS,https://osf.io/download/m8w9s,md5:b51454758d08136670e8a25fc3667ca9
AW9,1,AS,https://osf.io/download/vehkx,md5:cc161f0142546d8ddf10008e838a3db4
AX0,1,AS,https://osf.io/download/bk765,md5:43ec72079a387c64cf2ec193b1322350
AX1,1,AS,https://osf.io/download/5qchu,md5:17bb82003feb91b4e2d025c14cea5014
AX2,1,AS,https://osf.io/download/ckm35,md5:043343b59f7625b83df9d83259bb2f41
AX4,1,AS,https://osf.io/download/qxus5,md5:d188e4795cd72118170682676e7adee8
AX5,1,AS,https://osf.io/download/rqvbu,md5:539bbab53ab6060ab31d2e0c593d0578
AX6,1,AS,https://osf.io/download/ca84k,md5:39550009ec04f253b0e18d8cd8267564
AX7,1,AS,https://osf.io/download/zeg6y,md5:00513b269f26f46ae6714f1afe13a992
AX8,1,AS,https://osf.io/download/h9v36,md5:3b2ecdee7523144f6ecf837a42101989
AY0,1,AS,https://osf.io/download/e6248,md5:e4c76c63dbfae877c6c6f82731c35726
AY2,1,AS,https://osf.io/download/h3k5j,md5:f17d5a1428d57d50d5b677fbd3271ef9
AY5,1,AS,https://osf.io/download/e2jx3,md5:d8a826a6cbb14888371cd0119c9e544d
AY6,1,AS,https://osf.io/download/zfajy,md5:69c793f7dc8c56d05f2a9bd997a4cf3d
AY8,1,AS,https://osf.io/download/4cbwt,md5:c692305848bc83b1f3250873d4c1f82a
AY9,1,AS,https://osf.io/download/x8kmy,md5:7941c0629b7487f463913357d174356d
AZ1,1,AS,https://osf.io/download/xsa3g,md5:77a2f451ab957313d4c98479e12a75c8
AZ2,1,AS,https://osf.io/download/v6n53,md5:905be46d514cb7c13b2118fdcdd78e2f
AZ5,1,AS,https://osf.io/download/gcunh,md5:7747a76e6c2ad27f641b296553b5e208
AZ7,1,AS,https://osf.io/download/jkqwm,md5:d3d7dbfe80d292696bd040be8cbc7711
AZ8,1,AS,https://osf.io/download/jku56,md5:17f802fce43fe100b69158ccc4dc82d4
AZ9,1,AS,https://osf.io/download/kue9c,md5:50959af7ce9a0e4f8b2603f7d4602276
BA0,1,AS,https://osf.io/download/4m53e,md5:d70ba47285950daf7a9d150aebdecbe5
BA1,1,AS,https://osf.io/download/3j6kf,md5:d58346ccd1403d0d27810133dbc5f45b
BA2,1,AS,https://osf.io/download/asdz7,md5:13daadf83d60f488e9017921b0a8868a
BA5,1,AS,https://osf.io/download/cdu9w,md5:92d9d9faa6df82e3eb9c9cf7c4347e7a
BA8,1,AS,https://osf.io/download/k7zan,md5:561cb83bfb9ab9d8b5e8c1356f3f1713
BA9,1,AS,https://osf.io/download/bvw9d,md5:9055c37913d55ba5208f756c4d2b8b5d
BB0,1,AS,https://osf.io/download/fsnc5,md5:d5ede4a08fec11c99badaad790cc5912
BB1,1,AS,https://osf.io/download/m7thx,md5:0c57bd22b3d0c7d78ef1c817d92defb1
BB3,1,AS,https://osf.io/download/pbews,md5:3a4e7b6b227dbd96730c6a50785b21e7
BB6,1,AS,https://osf.io/download/z5c4j,md5:436e2edb5211aafd4e3e1062b2ad4691
BB7,1,AS,https://osf.io/download/krghf,md5:e7f9c457112e9a472195a3027f2fa99e
BB9,1,AS,https://osf.io/download/bvu5g,md5:a85d6b7446af86e973c1ecae01cbb131
BC0,1,AS,https://osf.io/download/rfbtk,md5:3333341507256f1ac25c45a0b5932d13
BC1,1,AS,https://osf.io/download/hduyq,md5:c7e622267e4690f22d993e72df7b15ea
BC2,1,AS,https://osf.io/download/a8wh9,md5:53a73928cc773d314b7089bec1f5a01f
BC3,1,AS,https://osf.io/download/w58s9,md5:2f78d9fcab3322fb090c149060cd31b8
BC7,1,AS,https://osf.io/download/sv59x,md5:660cce4f99b47b73339d088496a5d837
BC8,1,AS,https://osf.io/download/4e8nu,md5:15ccb818cf61dfabdf617c8c78148fd3
BD0,1,AS,https://osf.io/download/yqcdg,md5:33b9888759e518ce85d6cd00c4ce6b3f
BD1,1,AS,https://osf.io/download/4qhtk/,md5:38a1957cc703e207b8bcb7c3f2cd283c
BD3,1,AS,https://osf.io/download/da6cv,md5:4e07110ded34d19bbc0b9b29321c89b8
BD4,1,AS,https://osf.io/download/pxkuz,md5:bbaf7b504d046a7dd68180ce4814c00b
BD6,1,AS,https://osf.io/download/rwe3y,md5:43dd3116a96ba06e1835fcdf6ffba6a5
BD8,1,AS,https://osf.io/download/acm2e,md5:5f713a1cd5a6fcbbb3ecc2fc3be89a3c
BE1,1,AS,https://osf.io/download/8upgm,md5:01b5ae8ad9eef5fda0a29d11b52549eb
BE2,1,AS,https://osf.io/download/7c8wa,md5:80b9fba0b5545edaa568a8d0f9543f80
BE3,1,AS,https://osf.io/download/2rh6j,md5:cc63e9b96c293deadd5b76c8e434bd32
BE4,1,AS,https://osf.io/download/nbkdt,md5:7def33e39d617a5ed951be06c996baaf
BE5,1,AS,https://osf.io/download/yxjgh/,md5:4c71636c243ca56b3518c86730800446
BE6,1,AS,https://osf.io/download/cfkgw,md5:08db289e021bf09d5c1d51f015fd45e4
BE8,1,AS,https://osf.io/download/3ruj5,md5:0588f00aa6933f42663c98395e75b7e1
BF0,1,AS,https://osf.io/download/5fvmr,md5:aaf4ebfaca67fd26d5cb989c8a68ba53
BF1,1,AS,https://osf.io/download/uwksc,md5:c7135a89001f73287c7d20b4afe24701
BF2,1,AS,https://osf.io/download/tyjns,md5:f69ea8c619e72e24c88f3e01372ca23b
BF3,1,AS,https://osf.io/download/8bs35,md5:4171ca154d0007e3093c7725c789638f
BF4,1,AS,https://osf.io/download/hkt7y,md5:194b8dbe5424b91e30ea5acfc3f1f72d
BF6,1,AS,https://osf.io/download/k2qre,md5:bd0c227f36576087db7889f517eb5b4b
BF7,1,AS,https://osf.io/download/wz6ha,md5:17d175752889140b6bafed2e1c0d90e0
BF9,1,AS,https://osf.io/download/h9e4g,md5:2cee01a86c4e1444519a817d386bd47d
BG0,1,AS,https://osf.io/download/mv3fg,md5:6bf98a7e873396d74c27d6e87b829920
BG2,1,AS,https://osf.io/download/k6zwt/,md5:f994d10f82ae798a7fb80eef8c4f475a
BG4,1,AS,https://osf.io/download/w7rzj/,md5:17e2335420ec57c27f172b3abe000b57
BG6,1,AS,https://osf.io/download/bxw59,md5:cd058b384d5c01da81dc10f71eba3296
BG8,1,AS,https://osf.io/download/8m7qr,md5:f8cf405722ba26fb32d5a7aefaa0729a
BH3,1,AS,https://osf.io/download/btjp5,md5:1e1d0d7f3d6bea32fe4d2c6589b86b4f
BH5,1,AS,https://osf.io/download/fza64,md5:a20adf33fe5301bd36b05a09a2f50d3e
BH6,1,AS,https://osf.io/download/t4ce5,md5:a479a167a3d64f0e98af6febda8ac80e
BH7,1,AS,https://osf.io/download/tbkqu,md5:6f7618934fd7dafcfdd9757a102147c9
BH8,1,AS,https://osf.io/download/3529h,md5:e3cc2c49103424423e96f1ec153db3a2
BH9,1,AS,https://osf.io/download/u7q5m/,md5:d232a70804a00d6be7169051f8a1f924
BI3,1,AS,https://osf.io/download/h9uz4,md5:8ce81ef31da8f988995a5f221685e79d
BI5,1,AS,https://osf.io/download/av93k/,md5:41675a09fa8d3b8fa476daeb23bd7efb
BI6,1,AS,https://osf.io/download/htsfx,md5:bb5e0d1f468484a09ce8c4d527d87de6
BI7,1,AS,https://osf.io/download/ev4p6,md5:7f5754f954e99936c9cc6196b8817ab3
BI9,1,AS,https://osf.io/download/nbqcw,md5:323bad7ac42623f2b001afa194aa572f
BJ2,1,AS,https://osf.io/download/aw2me,md5:ac9bd9508a99fac5734a755925047ce3
BJ4,1,AS,https://osf.io/download/b8qge,md5:5418f1f8968e2626f5d4dbc152328e6d
BJ5,1,AS,https://osf.io/download/v3jth,md5:fbb4d6f2f90d83f74a147d0119c23bee
BJ6,1,AS,https://osf.io/download/zemsn/,md5:605eae9ae907a005548561d700f8f34c
BJ9,1,AS,https://osf.io/download/uyrx9,md5:e4a4e6a0c6c5ebd3564b65649c513f60
BK0,1,AS,https://osf.io/download/tqab4,md5:483d6b906f862c5ef07b91fea1cee94d
BK1,1,AS,https://osf.io/download/em9aw/,md5:314b21f1a3cfb519ef993c73d4787241
BK2,1,AS,https://osf.io/download/74fju,md5:939224e2e97af4288fa5c6fc87e1a6a9
BK3,1,AS,https://osf.io/download/m7un5,md5:54c8fe9cfe6252273f030da304e4d8b6
BK4,1,AS,https://osf.io/download/82jvw,md5:be1d39dee29f4127d66bf55a8ea3a4b6
BK5,1,AS,https://osf.io/download/26sva,md5:33bad75bd6e2497bdfeeaa6bcb0e28ca
BK6,1,AS,https://osf.io/download/a64e9,md5:cada825cd5e62cc3ada2921d14249499
BK8,1,AS,https://osf.io/download/g9zmx,md5:c7cb5ac2b64223ef182db913c7e952d3
BL0,1,AS,https://osf.io/download/7af32/,md5:10cbafbe182f2f24e382cf2d43380874
BL1,1,AS,https://osf.io/download/x5b7z,md5:46d5c2b10b29aad917f1f72131b4bb63
BL4,1,AS,https://osf.io/download/pmj64,md5:9e3a4718798eca46ef2a8826101e3106
BL6,1,AS,https://osf.io/download/ek6rn,md5:f205a2d7175ff7dd25ec9c549d17e56e
BL7,1,AS,https://osf.io/download/5zkjt,md5:e271cd56018c2f70d396769a1d43b995
BL8,1,AS,https://osf.io/download/dqk43,md5:45f5ad5db930dc50ca6ec1c2f764277e
BM1,1,AS,https://osf.io/download/59jr2,md5:99b91a77f23901ae1ddea3029f2b6b0e
BM3,1,AS,https://osf.io/download/ztns6/,md5:49bbd3762b7ef2e972d85a586b1696f9
BM4,1,AS,https://osf.io/download/9wy4d,md5:d124d9d987cbc979b0aca5373baf2b0b
BM5,1,AS,https://osf.io/download/kj98a,md5:9e96aadd4cba73ebb6306600e4f92773
BM7,1,AS,https://osf.io/download/4qgtn,md5:04f7f18d24511e8428b1e8eae8392ac9
BM8,1,AS,https://osf.io/download/3z2fc,md5:b0dd0591188d654c8b74b5f2b3ec8373
BN1,1,AS,https://osf.io/download/e64ja,md5:1ae9035924fcbdc7931f65ae36d9b126
BN2,1,AS,https://osf.io/download/v9fyr,md5:6a45ed3d26de7a04b855311076e368c3
BN3,1,AS,https://osf.io/download/gqtjf,md5:6b6aa9762f01f46be5a9559985183f2f
BN5,1,AS,https://osf.io/download/syqzv,md5:a867c9620f799579211804b188bacadd
BN7,1,AS,https://osf.io/download/u5ty4/,md5:93e38dc8ff1a26bacb111838a412a61f
BN8,1,AS,https://osf.io/download/sve57,md5:bc1cac73268b0b6fcd0fc8577927d9bb
BN9,1,AS,https://osf.io/download/9wbtx,md5:b94a398b1a524341bda0087a5252201d
BP0,1,AS,https://osf.io/download/n59hd/,md5:ef0478e69b220053fccf2631d12ba356
BP1,1,AS,https://osf.io/download/8bytg,md5:7f58af12c6858c6ab2a9a1efd3d987c0
BP3,1,AS,https://osf.io/download/q2umj,md5:8fd0f0a4a72455adad667def41bad6cb
BP8,1,AS,https://osf.io/download/ywqfr,md5:42db4c7067433944a1ffb72cc2a2cfcb
BQ2,1,AS,https://osf.io/download/d2a8m/,md5:fece24f53fc5f842f15ca9644d64d2a9
BQ3,1,AS,https://osf.io/download/fj9gp/,md5:0cc7427962c094188770df593cd8c92c
BQ4,1,AS,https://osf.io/download/f7wpr,md5:4810ca4fa33177ba2d15d6cabc67cef6
BQ6,1,AS,https://osf.io/download/nx6vj/,md5:655f7d48624ff9f544b5d04214684501
BQ8,1,AS,https://osf.io/download/49fxe/,md5:c345e3589fbde2aa81ee07f96bde2f96
BR0,1,AS,https://osf.io/download/ze9su/,md5:4a59770bf21e53cf44306f5280e8737a
BR1,1,AS,https://osf.io/download/mez2c,md5:82892e30a19a0882534624f2c0608547
BR2,1,AS,https://osf.io/download/skgcr,md5:590c3a69b8b02a365f3503cc39c4f306
BR3,1,AS,https://osf.io/download/utr23,md5:de3f368ec604662dd1f085eb0511cbfa
BR4,1,AS,https://osf.io/download/94f7z/,md5:fe99dced60dbc9ef30b40a08de6f6266
BR5,1,AS,https://osf.io/download/cypn6/,md5:92e8cfeb4ae3e5a2d48239e609824610
BR8,1,AS,https://osf.io/download/sj8c2,md5:93f4dbb44d821d67be4e583ada8f6efa
BR9,1,AS,https://osf.io/download/ewgxm,md5:0304a66a4438036d7d650a823014ed1f
BS1,1,AS,https://osf.io/download/utbfa,md5:d7e1e4c5e50dc3ba232859d6af4d1a71
BS2,1,AS,https://osf.io/download/4mcp5,md5:6e130e145699b42ce8f8bbcc16dda189
BS3,1,AS,https://osf.io/download/m8k5e/,md5:a7ae62440ef8f6356471153b5d3dac30
BS4,1,AS,https://osf.io/download/r9ebn/,md5:0b763d4dd365c9592532ef8b6660b872
BS5,1,AS,https://osf.io/download/ex2vr/,md5:d5ba9c09f61c54dae2018abfc10d8715
BS6,1,AS,https://osf.io/download/g9svr,md5:98d0a49d3ea7516005544c1a3b28bc46
BS7,1,AS,https://osf.io/download/cyjxu/,md5:a7d687c8f237934ea9fef10f466b1ac8
BS8,1,AS,https://osf.io/download/xbc5n,md5:7fcd24746611ef5ed10735dce3374068
BS9,1,AS,https://osf.io/download/g8bs9,md5:85e13346768aad3dbabdee9441f36246
BT0,1,AS,https://osf.io/download/g65rz,md5:407296f9caa5ae57572b101b47902e1b
BT5,1,AS,https://osf.io/download/vhef6,md5:d7d22ef759bfef65ab70e7b4d5b7c4a8
BT6,1,AS,https://osf.io/download/jvnkf,md5:e4a0bc6774674e4be447cdc0052e6a8b
BT7,1,AS,https://osf.io/download/vwh5d,md5:8d4a039304b6f5536b88aa469ad5ff5a
BT8,1,AS,https://osf.io/download/4ek3f,md5:dc7d2f223862826cbc8aa401f3d8abb7
BU1,1,AS,https://osf.io/download/vaequ,md5:983317b90509dcf35266cc675aae0ff0
BU2,1,AS,https://osf.io/download/zu8t9,md5:989ca7862b38e1de41cdbd532c461432
BU3,1,AS,https://osf.io/download/ye8qd,md5:a1a4c2ec5c69b1c0fbf137b7e86186d7
BU6,1,AS,https://osf.io/download/jbcqh,md5:4d05ff189ef7f65e1b9c23d69b5d712b
BU8,1,AS,https://osf.io/download/9aw7x,md5:acb7770e148f453f21ab075cefc4ea55
BU9,1,AS,https://osf.io/download/fq5p2,md5:39f6a7d0927a5568eb5b10a1a7638dc5
BV0,1,AS,https://osf.io/download/4egn3,md5:2eeddd2b0edef8543daf4ec62efa0e6f
BV1,1,AS,https://osf.io/download/ustez,md5:a078d7adfbdeb3936b2b6162971a471d
BV3,1,AS,https://osf.io/download/h3mfw,md5:72c2e263fbdcd4196d49e19b66a55e82
BV4,1,AS,https://osf.io/download/qmec6,md5:7c61cf3739ace9d88a1138798d6564b0
BV8,1,AS,https://osf.io/download/8nb57,md5:26a9974b5e54140822b15054d3a6db09
BW0,1,AS,https://osf.io/download/cqme4,md5:223379f5607645e2ac1dc4c0b0fe7688
BW2,1,AS,https://osf.io/download/fpwec,md5:e4cf4bbbb9ae83d73140df0f45935384
BW3,1,AS,https://osf.io/download/etf4z,md5:9697414b2802f820e8b2cef678d5f861
BW4,1,AS,https://osf.io/download/gu6n9,md5:20e7afaec84241af82c3d6f27a9c7336
BW6,1,AS,https://osf.io/download/ghtza,md5:859c692a2cf03c97f401daa8a5e5b315
BW7,1,AS,https://osf.io/download/y3bpz,md5:dc73ae9384695b1c737ff318a36e81db
BW8,1,AS,https://osf.io/download/rjygs,md5:e55883231cd249523501fe038e326078
BW9,1,AS,https://osf.io/download/5trp8,md5:3dcb84cc4b166038d9823fba533d6189
BX0,1,AS,https://osf.io/download/vnx86,md5:c012022d230ce91ccb4d3d4899ca3a8b
BX1,1,AS,https://osf.io/download/mdk27,md5:3a05b7fbbf2f7303a72cd70a6899f021
BX2,1,AS,https://osf.io/download/76z2a,md5:bdd98700a2ce7026af6bcef27f45555e
BX4,1,AS,https://osf.io/download/mnfv4,md5:d37d62b4ad27229bc344e4cc7a62e332
BX5,1,AS,https://osf.io/download/tbwyh,md5:e76e0bece43d7d6b0247ae981edda25d
BX6,1,AS,https://osf.io/download/qsjky/,md5:d0091824628a2dbdcb20806f0a8d8bf6
BX7,1,AS,https://osf.io/download/c3juk/,md5:03398e41853f573b4513162fcf24c3b6
BX8,1,AS,https://osf.io/download/75jae,md5:18bdefba873b909ad08f5ebc63849c89
BX9,1,AS,https://osf.io/download/pdnyf,md5:2bd20b8e456826d016961208558cd0e4
BXX,1,AS,https://osf.io/download/bt8pv/,md5:d212ba2baf8b2f89f1d796842892ed84
BY0,1,AS,https://osf.io/download/jy9q3,md5:3544a70f5c6abe002ef34434c9bbe320
BY2,1,AS,https://osf.io/download/m3g25,md5:8607641b0ebcd4072a1044e38a002d71
BY3,1,AS,https://osf.io/download/h5zwp,md5:6879ad81a8f443155cadff8db223cb3a
BY4,1,AS,https://osf.io/download/p2zm5,md5:3f99a7948d149e0134f22ef844912a3a
BY5,1,AS,https://osf.io/download/d35x8,md5:ae7b2b3686a5e38b9f43f2d3dc2d9cec
BY6,1,AS,https://osf.io/download/etw2m,md5:cef5aef428d44e803a859442bb024c4a
BY8,1,AS,https://osf.io/download/6ns7u/,md5:2536d2f091818db3e0045af2e6a1a65c
BY9,1,AS,https://osf.io/download/8eb2w,md5:132940057a3bad2b04eb4924d04e1c53
BZ1,1,AS,https://osf.io/download/sywc9,md5:9ad2bdbaefe7b99b75148d41748d1883
BZ2,1,AS,https://osf.io/download/4cvyf,md5:ec5356781e8d73d5fb211c884aab293d
BZ4,1,AS,https://osf.io/download/z4wmf,md5:275686b99a960b40d5b2465769a198f9
BZ5,1,AS,https://osf.io/download/a84bt,md5:32f6e99868d2db7a8b654eb18a045b8d
BZ7,1,AS,https://osf.io/download/ms8fn,md5:409d6ef22d340623f705b68e7b8196c7
BZ8,1,AS,https://osf.io/download/x4aub,md5:b9d0d5095f4274dc947e4cb5e5f4a5f4
BZ9,1,AS,https://osf.io/download/7upfv/,md5:d5a9e39172ff82ec5147847f1d92afc2
